{"cameraMode":{"drawMode":0,"name":"Shaded","section":"Shading Mode"},"sceneLighting":false,"audioPlay":false,"sceneViewState":{"showFog":true,"showMaterialUpdate":false,"showSkybox":true,"showFlares":true,"showImageEffects":true,"showParticleSystems":true},"in2DMode":false,"pivot":{"x":-324.98388671875,"y":68.43738555908203,"z":9.163915634155274},"rotation":{"x":-0.22707511484622956,"y":0.6105921864509583,"z":-0.18867672979831696,"w":-0.7348572611808777},"size":4.666904449462891,"orthographic":false}