{"cameraMode":{"drawMode":0,"name":"Shaded","section":"Shading Mode"},"sceneLighting":true,"audioPlay":false,"sceneViewState":{"showFog":true,"showMaterialUpdate":false,"showSkybox":true,"showFlares":true,"showImageEffects":true,"showParticleSystems":true},"in2DMode":false,"pivot":{"x":-0.6668677926063538,"y":3.0862045288085939,"z":-4.80568265914917},"rotation":{"x":-0.16936074197292329,"y":0.09592892974615097,"z":-0.01656544767320156,"w":-0.9807345271110535},"size":23.162700653076173,"orthographic":false}